{
  "train_loss": [
    0.5714501251480473,
    0.48345230630974273,
    0.43799924183247696,
    0.4325381301677049,
    0.4040680116237099,
    0.39948281267685676,
    0.40578305031826245,
    0.3871493559719911,
    0.3829584210666258,
    0.36573781984955517,
    0.38649944916589934,
    0.3406691700220108,
    0.3360319998282105,
    0.3257770380422251,
    0.319369405285636,
    0.31777331255265134,
    0.3071827706116349,
    0.30963758812911474,
    0.29627695112530866,
    0.29857574692412986,
    0.28846663725909905,
    0.27661029138227006,
    0.2736983252550239,
    0.2731959273788466,
    0.2759358527055427,
    0.25038665799952264,
    0.24126952341688213,
    0.22944708112905274,
    0.2229461891215239,
    0.21840696003454835,
    0.22882355182473338,
    0.22446619585823657,
    0.20491431408853672,
    0.19128897419171548,
    0.18221574321166792,
    0.18911537550278565,
    0.18593232834072254,
    0.1779798949832347,
    0.17788894530107727,
    0.16735043070876776,
    0.17096416057268185,
    0.16461688808318395,
    0.16252254110886089,
    0.14894394126178614,
    0.14913859832753887,
    0.14823858840252035,
    0.13958598890188914,
    0.13813390927528268,
    0.14576174796962027,
    0.1438932311512641,
    0.13841656072815853,
    0.12936239153035542,
    0.13148028397960448,
    0.13466740627564602,
    0.13715740587951533,
    0.12925826580221975,
    0.12246408244011117,
    0.13051253662847762,
    0.1258124235961864,
    0.12517311098749068
  ],
  "train_f1": [
    0.7379983726606998,
    0.7979139504563233,
    0.8113940440224429,
    0.8125544899738448,
    0.8212894850713977,
    0.8270676691729323,
    0.8289530374838432,
    0.8397932816537468,
    0.8342612419700214,
    0.8425643262102049,
    0.8382923673997412,
    0.8547387068201948,
    0.8583954405962297,
    0.8723496321938555,
    0.8555066079295154,
    0.8706293706293706,
    0.8713219148001756,
    0.8718845649322257,
    0.8743409490333919,
    0.8753269398430689,
    0.8809106830122592,
    0.8812965396408234,
    0.8888888888888888,
    0.8823008849557522,
    0.8879120879120879,
    0.9006156552330695,
    0.9011373578302713,
    0.9047827994734533,
    0.9124183006535947,
    0.9137323943661971,
    0.9111798497569598,
    0.9031111111111111,
    0.913503971756399,
    0.9213085764809903,
    0.9261213720316622,
    0.9250554323725055,
    0.9261388766032729,
    0.9285083848190644,
    0.9323308270676691,
    0.9369210410233789,
    0.9316770186335404,
    0.9331562638335547,
    0.9367201426024956,
    0.9448610498456109,
    0.9445676274944568,
    0.9443954104148279,
    0.9451812555260831,
    0.9428444838280904,
    0.9403446752098984,
    0.9485815602836879,
    0.9482604817127565,
    0.9548272807794509,
    0.9474613686534217,
    0.9490925188136343,
    0.9470432480141218,
    0.9529724933451642,
    0.956366874443455,
    0.9492273730684326,
    0.9512411347517731,
    0.9526339088092076
  ],
  "val_loss": [
    0.5124874040484428,
    0.4958098456263542,
    0.47443972527980804,
    0.45765964314341545,
    0.48114173486828804,
    0.4573553241789341,
    0.4242797866463661,
    0.4666769914329052,
    0.49995749071240425,
    0.40426813066005707,
    0.41605218313634396,
    0.4187013190239668,
    0.39669097773730755,
    0.39067845419049263,
    0.39934668503701687,
    0.3924749307334423,
    0.4133836906403303,
    0.38966401293873787,
    0.4151910599321127,
    0.40776376612484455,
    0.37409808672964573,
    0.41810902766883373,
    0.374475684016943,
    0.4358844440430403,
    0.3734331224113703,
    0.36192380636930466,
    0.3655307749286294,
    0.36856180243194103,
    0.3918331917375326,
    0.37158342730253935,
    0.3803493306040764,
    0.36801290325820446,
    0.36294949520379305,
    0.3678842931985855,
    0.3509972086176276,
    0.3551698736846447,
    0.3593297004699707,
    0.3512115767225623,
    0.35253816563636065,
    0.369229219853878,
    0.3946155607700348,
    0.34690373484045267,
    0.3460940793156624,
    0.3519848985597491,
    0.3507957309484482,
    0.35872905515134335,
    0.37869506143033504,
    0.3570989789441228,
    0.35711011523380876,
    0.36972378473728895,
    0.36990115232765675,
    0.3552077803760767,
    0.3596210707910359,
    0.35380376875400543,
    0.3639882681891322,
    0.358287300914526,
    0.365824559237808,
    0.362378123216331,
    0.3597859963774681,
    0.35752857429906726
  ],
  "val_f1": [
    0.7864406779661017,
    0.7551867219917012,
    0.7732342007434945,
    0.775,
    0.8057553956834532,
    0.7913669064748201,
    0.8014981273408239,
    0.8053691275167785,
    0.7219512195121951,
    0.8,
    0.8014981273408239,
    0.8014981273408239,
    0.8045112781954887,
    0.803030303030303,
    0.7890625,
    0.7984496124031008,
    0.8153310104529616,
    0.7970479704797048,
    0.8194444444444444,
    0.7950819672131147,
    0.8164794007490637,
    0.8111888111888111,
    0.8127490039840638,
    0.8095238095238095,
    0.8085106382978723,
    0.8389513108614233,
    0.8221343873517787,
    0.8262548262548263,
    0.837037037037037,
    0.831275720164609,
    0.8252788104089219,
    0.8333333333333334,
    0.8307692307692308,
    0.832,
    0.835820895522388,
    0.8517110266159695,
    0.8377358490566038,
    0.844106463878327,
    0.8517110266159695,
    0.8327137546468402,
    0.8333333333333334,
    0.8470588235294118,
    0.8421052631578947,
    0.8494208494208494,
    0.8638132295719845,
    0.844106463878327,
    0.8467153284671532,
    0.8475836431226765,
    0.8484848484848485,
    0.8559670781893004,
    0.835820895522388,
    0.8528301886792453,
    0.8421052631578947,
    0.846441947565543,
    0.844106463878327,
    0.8389513108614233,
    0.8432835820895522,
    0.844106463878327,
    0.8421052631578947,
    0.8528301886792453
  ],
  "val_precision": [
    0.6823529411764706,
    0.7844827586206896,
    0.7222222222222222,
    0.808695652173913,
    0.7320261437908496,
    0.7189542483660131,
    0.7535211267605634,
    0.6936416184971098,
    0.925,
    0.7571428571428571,
    0.7535211267605634,
    0.7535211267605634,
    0.7588652482269503,
    0.762589928057554,
    0.7709923664122137,
    0.7744360902255639,
    0.7222222222222222,
    0.7397260273972602,
    0.7239263803680982,
    0.8151260504201681,
    0.7676056338028169,
    0.7204968944099379,
    0.8095238095238095,
    0.7041420118343196,
    0.8636363636363636,
    0.7887323943661971,
    0.8125,
    0.7985074626865671,
    0.7793103448275862,
    0.8559322033898306,
    0.7708333333333334,
    0.7615894039735099,
    0.8,
    0.832,
    0.7832167832167832,
    0.8115942028985508,
    0.7928571428571428,
    0.8043478260869565,
    0.8115942028985508,
    0.7777777777777778,
    0.7615894039735099,
    0.8307692307692308,
    0.7943262411347518,
    0.8208955223880597,
    0.8409090909090909,
    0.8043478260869565,
    0.7785234899328859,
    0.7916666666666666,
    0.8057553956834532,
    0.8813559322033898,
    0.7832167832167832,
    0.8071428571428572,
    0.7943262411347518,
    0.795774647887324,
    0.8043478260869565,
    0.7887323943661971,
    0.7902097902097902,
    0.8043478260869565,
    0.7943262411347518,
    0.8071428571428572
  ],
  "val_recall": [
    0.928,
    0.728,
    0.832,
    0.744,
    0.896,
    0.88,
    0.856,
    0.96,
    0.592,
    0.848,
    0.856,
    0.856,
    0.856,
    0.848,
    0.808,
    0.824,
    0.936,
    0.864,
    0.944,
    0.776,
    0.872,
    0.928,
    0.816,
    0.952,
    0.76,
    0.896,
    0.832,
    0.856,
    0.904,
    0.808,
    0.888,
    0.92,
    0.864,
    0.832,
    0.896,
    0.896,
    0.888,
    0.888,
    0.896,
    0.896,
    0.92,
    0.864,
    0.896,
    0.88,
    0.888,
    0.888,
    0.928,
    0.912,
    0.896,
    0.832,
    0.896,
    0.904,
    0.896,
    0.904,
    0.888,
    0.896,
    0.904,
    0.888,
    0.896,
    0.904
  ],